Agent,N,Mean,Median,Std Dev,Min,Q1,Q3,Max
Claude_Code,8,1523.344383640262,15.148883121129755,4100.523649139303,0.5557099194220616,2.050653594771242,176.5422077922078,11666.666666666666
Copilot,21,1409.645163136803,41.666666666666664,5257.411109617562,1.694915254237288,19.607843137254903,105.26315789473684,24000.0
Cursor,9,937.558173044137,200.0,2087.153168260542,0.36218761318362913,9.00900900900901,571.4285714285714,6454.545454545454
Devin,26,238.3719326746967,25.320512820512818,714.8630766684055,4.132231404958678,10.686063218390803,104.16666666666666,3500.0
OpenAI_Codex,125,348.9187744490536,39.21568627450981,1236.4975560569628,1.1025358324145536,15.384615384615385,90.9090909090909,8500.0
